pokedex_number,Name,Type1,Type2,hp,height_m,weight_kg,attack,defense,speed,sp_attack,sp_defense,classfication,generation,is_legendary
1,bulbasaur,Grass,Poison,45,0.7,6.9,49,49,45,65,65,Seed Pokémon,1,0
2,ivysaur,Grass,Poison,60,1,13,62,63,60,80,80,Seed Pokémon,1,0
3,venusaur,Grass,Poison,80,2,100,100,123,80,122,120,Seed Pokémon,1,0
4,charmander,Fire,,39,0.6,8.5,52,43,65,60,50,Lizard Pokémon,1,0
5,charmeleon,Fire,,58,1.1,19,64,58,80,80,65,Flame Pokémon,1,0
6,charizard,Fire,Flying,78,1.7,90.5,104,78,100,159,115,Flame Pokémon,1,0
7,squirtle,Water,,44,0.5,9,48,65,43,50,64,Tiny Turtle Pokémon,1,0
8,wartortle,Water,,59,1,22.5,63,80,58,65,80,Turtle Pokémon,1,0
9,blastoise,Water,,79,1.6,85.5,103,120,78,135,115,Shellfish Pokémon,1,0
10,caterpie,Bug,,45,0.3,2.9,30,35,45,20,20,Worm Pokémon,1,0
11,metapod,Bug,,50,0.7,9.9,20,55,30,25,25,Cocoon Pokémon,1,0
12,butterfree,Bug,Flying,60,1.1,32,45,50,70,90,80,Butterfly Pokémon,1,0
13,weedle,Bug,Poison,40,0.3,3.2,35,30,50,20,20,Hairy Pokémon,1,0
14,kakuna,Bug,Poison,45,0.6,10,25,50,35,25,25,Cocoon Pokémon,1,0
15,beedrill,Bug,Poison,65,1,29.5,150,40,145,15,80,Poison Bee Pokémon,1,0
16,pidgey,Flying,,40,0.3,1.8,45,40,56,35,35,Tiny Bird Pokémon,1,0
17,pidgeotto,Flying,,63,1.1,30,60,55,71,50,50,Bird Pokémon,1,0
18,pidgeot,Flying,,83,1.5,39.5,80,80,121,135,80,Bird Pokémon,1,0
19,rattata,Normal,,30,0.3,3.5,56,35,72,25,35,Mouse Pokémon,1,0
20,raticate,Normal,,75,0.7,18.5,71,70,77,40,80,Mouse Pokémon,1,0
21,spearow,Flying,,40,0.3,2,60,30,70,31,31,Tiny Bird Pokémon,1,0
22,fearow,Flying,,65,1.2,38,90,65,100,61,61,Beak Pokémon,1,0
23,ekans,Poison,,35,2,6.9,60,44,55,40,54,Snake Pokémon,1,0
24,arbok,Poison,,60,3.5,65,95,69,80,65,79,Cobra Pokémon,1,0
25,pikachu,Electric,,35,0.4,6,55,40,90,50,50,Mouse Pokémon,1,0
26,raichu,Electric,,60,0.8,30,85,50,110,95,85,Mouse Pokémon,1,0
27,sandshrew,Ground,,50,0.6,12,75,90,40,10,35,Mouse Pokémon,1,0
28,sandslash,Ground,,75,1,29.5,100,120,65,25,65,Mouse Pokémon,1,0
29,nidoran-f,Poison,,55,0.4,7,47,52,41,40,40,Poison Pin Pokémon,1,0
30,nidorina,Poison,,70,0.8,20,62,67,56,55,55,Poison Pin Pokémon,1,0
31,nidoqueen,Poison,Ground,90,1.3,60,92,87,76,75,85,Drill Pokémon,1,0
32,nidoran-m,Poison,,46,0.5,9,57,40,50,40,40,Poison Pin Pokémon,1,0
33,nidorino,Poison,,61,0.9,19.5,72,57,65,55,55,Poison Pin Pokémon,1,0
34,nidoking,Poison,Ground,81,1.4,62,102,77,85,85,75,Drill Pokémon,1,0
35,clefairy,Fairy,,70,0.6,7.5,45,48,35,60,65,Fairy Pokémon,1,0
36,clefable,Fairy,,95,1.3,40,70,73,60,95,90,Fairy Pokémon,1,0
37,vulpix,Fire,,38,0.6,9.6,41,40,65,50,65,Fox Pokémon,1,0
38,ninetales,Fire,,73,1.1,19.8,67,75,109,81,100,Fox Pokémon,1,0
39,jigglypuff,Fairy,,115,0.5,5.5,45,20,20,45,25,Balloon Pokémon,1,0
40,wigglytuff,Fairy,,140,1,12,70,45,45,85,50,Balloon Pokémon,1,0
41,zubat,Poison,Flying,40,0.8,7.5,45,35,55,30,40,Bat Pokémon,1,0
42,golbat,Poison,Flying,75,1.6,55,80,70,90,65,75,Bat Pokémon,1,0
43,oddish,Grass,Poison,45,0.5,5.4,50,55,30,75,65,Weed Pokémon,1,0
44,gloom,Grass,Poison,60,0.8,8.6,65,70,40,85,75,Weed Pokémon,1,0
45,vileplume,Grass,Poison,75,1.2,18.6,80,85,50,110,90,Flower Pokémon,1,0
46,paras,Bug,Grass,35,0.3,5.4,70,55,25,45,55,Mushroom Pokémon,1,0
47,parasect,Bug,Grass,60,1,29.5,95,80,30,60,80,Mushroom Pokémon,1,0
48,venonat,Bug,Poison,60,1,30,55,50,45,40,55,Insect Pokémon,1,0
49,venomoth,Bug,Poison,70,1.5,12.5,65,60,90,90,75,Poison Moth Pokémon,1,0
50,diglett,Ground,,10,0.2,0.8,55,30,90,35,45,Mole Pokémon,1,0
51,dugtrio,Ground,,35,0.7,33.3,100,60,110,50,70,Mole Pokémon,1,0
52,meowth,Normal,,40,0.4,4.2,35,35,90,50,40,Scratch Cat Pokémon,1,0
53,persian,Normal,,65,1,32,60,60,115,75,65,Classy Cat Pokémon,1,0
54,psyduck,Water,,50,0.8,19.6,52,48,55,65,50,Duck Pokémon,1,0
55,golduck,Water,,80,1.7,76.6,82,78,85,95,80,Duck Pokémon,1,0
56,mankey,Fighting,,40,0.5,28,80,35,70,35,45,Pig Monkey Pokémon,1,0
57,primeape,Fighting,,65,1,32,105,60,95,60,70,Pig Monkey Pokémon,1,0
58,growlithe,Fire,,55,0.7,19,70,45,60,70,50,Puppy Pokémon,1,0
59,arcanine,Fire,,90,1.9,155,110,80,95,100,80,Legendary Pokémon,1,0
60,poliwag,Water,,40,0.6,12.4,50,40,90,40,40,Tadpole Pokémon,1,0
61,poliwhirl,Water,,65,1,20,65,65,90,50,50,Tadpole Pokémon,1,0
62,poliwrath,Water,Fighting,90,1.3,54,95,95,70,70,90,Tadpole Pokémon,1,0
63,abra,Psychic,,25,0.9,19.5,20,15,90,105,55,Psi Pokémon,1,0
64,kadabra,Psychic,,40,1.3,56.5,35,30,105,120,70,Psi Pokémon,1,0
65,alakazam,Psychic,,55,1.5,48,50,65,150,175,105,Psi Pokémon,1,0
66,machop,Fighting,,70,0.8,19.5,80,50,35,35,35,Superpower Pokémon,1,0
67,machoke,Fighting,,80,1.5,70.5,100,70,45,50,60,Superpower Pokémon,1,0
68,machamp,Fighting,,90,1.6,130,130,80,55,65,85,Superpower Pokémon,1,0
69,bellsprout,Grass,Poison,50,0.7,4,75,35,40,70,30,Flower Pokémon,1,0
70,weepinbell,Grass,Poison,65,1,6.4,90,50,55,85,45,Flycatcher Pokémon,1,0
71,victreebel,Grass,Poison,80,1.7,15.5,105,65,70,100,70,Flycatcher Pokémon,1,0
72,tentacool,Water,Poison,40,0.9,45.5,40,35,70,50,100,Jellyfish Pokémon,1,0
73,tentacruel,Water,Poison,80,1.6,55,70,65,100,80,120,Jellyfish Pokémon,1,0
74,geodude,Rock,Ground,40,0.4,20,80,100,20,30,30,Rock Pokémon,1,0
75,graveler,Rock,Ground,55,1,105,95,115,35,45,45,Rock Pokémon,1,0
76,golem,Rock,Ground,80,1.4,300,120,130,45,55,65,Megaton Pokémon,1,0
77,ponyta,Fire,,50,1,30,85,55,90,65,65,Fire Horse Pokémon,1,0
78,rapidash,Fire,,65,1.7,95,100,70,105,80,80,Fire Horse Pokémon,1,0
79,slowpoke,Water,Psychic,90,1.2,36,65,65,15,40,40,Dopey Pokémon,1,0
80,slowbro,Water,Psychic,95,1.6,78.5,75,180,30,130,80,Hermit Crab Pokémon,1,0
81,magnemite,Electric,Steel,25,0.3,6,35,70,45,95,55,Magnet Pokémon,1,0
82,magneton,Electric,Steel,50,1,60,60,95,70,120,70,Magnet Pokémon,1,0
83,farfetchd,Flying,,52,0.8,15,90,55,60,58,62,Wild Duck Pokémon,1,0
84,doduo,Flying,,35,1.4,39.2,85,45,75,35,35,Twin Bird Pokémon,1,0
85,dodrio,Flying,,60,1.8,85.2,110,70,110,60,60,Triple Bird Pokémon,1,0
86,seel,Water,,65,1.1,90,45,55,45,45,70,Sea Lion Pokémon,1,0
87,dewgong,Water,Ice,90,1.7,120,70,80,70,70,95,Sea Lion Pokémon,1,0
88,grimer,Poison,,80,0.9,30,80,50,25,40,50,Sludge Pokémon,1,0
89,muk,Poison,,105,1.2,30,105,75,50,65,100,Sludge Pokémon,1,0
90,shellder,Water,,30,0.3,4,65,100,40,45,25,Bivalve Pokémon,1,0
91,cloyster,Water,Ice,50,1.5,132.5,95,180,70,85,45,Bivalve Pokémon,1,0
92,gastly,Ghost,Poison,30,1.3,0.1,35,30,80,100,35,Gas Pokémon,1,0
93,haunter,Ghost,Poison,45,1.6,0.1,50,45,95,115,55,Gas Pokémon,1,0
94,gengar,Ghost,Poison,60,1.5,40.5,65,80,130,170,95,Shadow Pokémon,1,0
95,onix,Rock,Ground,35,8.8,210,45,160,70,30,45,Rock Snake Pokémon,1,0
96,drowzee,Psychic,,60,1,32.4,48,45,42,43,90,Hypnosis Pokémon,1,0
97,hypno,Psychic,,85,1.6,75.6,73,70,67,73,115,Hypnosis Pokémon,1,0
98,krabby,Water,,30,0.4,6.5,105,90,50,25,25,River Crab Pokémon,1,0
99,kingler,Water,,55,1.3,60,130,115,75,50,50,Pincer Pokémon,1,0
100,voltorb,Electric,,40,0.5,10.4,30,50,100,55,55,Ball Pokémon,1,0
101,electrode,Electric,,60,1.2,66.6,50,70,150,80,80,Ball Pokémon,1,0
102,exeggcute,Grass,Psychic,60,0.4,2.5,40,80,40,60,45,Egg Pokémon,1,0
103,exeggutor,Grass,Psychic,95,2,120,105,85,45,125,75,Coconut Pokémon,1,0
104,cubone,Ground,,50,0.4,6.5,50,95,35,40,50,Lonely Pokémon,1,0
105,marowak,Ground,,60,1,45,80,110,45,50,80,Bone Keeper Pokémon,1,0
106,hitmonlee,Fighting,,50,1.5,49.8,120,53,87,35,110,Kicking Pokémon,1,0
107,hitmonchan,Fighting,,50,1.4,50.2,105,79,76,35,110,Punching Pokémon,1,0
108,lickitung,Normal,,90,1.2,65.5,55,75,30,60,75,Licking Pokémon,1,0
109,koffing,Poison,,40,0.6,1,65,95,35,60,45,Poison Gas Pokémon,1,0
110,weezing,Poison,,65,1.2,9.5,90,120,60,85,70,Poison Gas Pokémon,1,0
111,rhyhorn,Ground,Rock,80,1,115,85,95,25,30,30,Spikes Pokémon,1,0
112,rhydon,Ground,Rock,105,1.9,120,130,120,40,45,45,Drill Pokémon,1,0
113,chansey,Normal,,250,1.1,34.6,5,5,50,35,105,Egg Pokémon,1,0
114,tangela,Grass,,65,1,35,55,115,60,100,40,Vine Pokémon,1,0
115,kangaskhan,Normal,,105,2.2,80,125,100,100,60,100,Parent Pokémon,1,0
116,horsea,Water,,30,0.4,8,40,70,60,70,25,Dragon Pokémon,1,0
117,seadra,Water,,55,1.2,25,65,95,85,95,45,Dragon Pokémon,1,0
118,goldeen,Water,,45,0.6,15,67,60,63,35,50,Goldfish Pokémon,1,0
119,seaking,Water,,80,1.3,39,92,65,68,65,80,Goldfish Pokémon,1,0
120,staryu,Water,,30,0.8,34.5,45,55,85,70,55,Starshape Pokémon,1,0
121,starmie,Water,Psychic,60,1.1,80,75,85,115,100,85,Mysterious Pokémon,1,0
122,mr-mime,Psychic,Fairy,40,1.3,54.5,45,65,90,100,120,Barrier Pokémon,1,0
123,scyther,Bug,Flying,70,1.5,56,110,80,105,55,80,Mantis Pokémon,1,0
124,jynx,Ice,Psychic,65,1.4,40.6,50,35,95,115,95,Humanshape Pokémon,1,0
125,electabuzz,Electric,,65,1.1,30,83,57,105,95,85,Electric Pokémon,1,0
126,magmar,Fire,,65,1.3,44.5,95,57,93,100,85,Spitfire Pokémon,1,0
127,pinsir,Bug,,65,1.5,55,155,120,105,65,90,Stagbeetle Pokémon,1,0
128,tauros,Normal,,75,1.4,88.4,100,95,110,40,70,Wild Bull Pokémon,1,0
129,magikarp,Water,,20,0.9,10,10,55,80,15,20,Fish Pokémon,1,0
130,gyarados,Water,Flying,95,6.5,235,155,109,81,70,130,Atrocious Pokémon,1,0
131,lapras,Water,Ice,130,2.5,220,85,80,60,85,95,Transport Pokémon,1,0
132,ditto,Normal,,48,0.3,4,48,48,48,48,48,Transform Pokémon,1,0
133,eevee,Normal,,55,0.3,6.5,55,50,55,45,65,Evolution Pokémon,1,0
134,vaporeon,Water,,130,1,29,65,60,65,110,95,Bubble Jet Pokémon,1,0
135,jolteon,Electric,,65,0.8,24.5,65,60,130,110,95,Lightning Pokémon,1,0
136,flareon,Fire,,65,0.9,25,130,60,65,95,110,Flame Pokémon,1,0
137,porygon,Normal,,65,0.8,36.5,60,70,40,85,75,Virtual Pokémon,1,0
138,omanyte,Rock,Water,35,0.4,7.5,40,100,35,90,55,Spiral Pokémon,1,0
139,omastar,Rock,Water,70,1,35,60,125,55,115,70,Spiral Pokémon,1,0
140,kabuto,Rock,Water,30,0.5,11.5,80,90,55,55,45,Shellfish Pokémon,1,0
141,kabutops,Rock,Water,60,1.3,40.5,115,105,80,65,70,Shellfish Pokémon,1,0
142,aerodactyl,Rock,Flying,80,1.8,59,135,85,150,70,95,Fossil Pokémon,1,0
143,snorlax,Normal,,160,2.1,460,110,65,30,65,110,Sleeping Pokémon,1,0
144,articuno,Ice,Flying,90,1.7,55.4,85,100,85,95,125,Freeze Pokémon,1,1
145,zapdos,Electric,Flying,90,1.6,52.6,90,85,100,125,90,Electric Pokémon,1,1
146,moltres,Fire,Flying,90,2,60,100,90,90,125,85,Flame Pokémon,1,1
147,dratini,Dragon,,41,1.8,3.3,64,45,50,50,50,Dragon Pokémon,1,0
148,dragonair,Dragon,,61,4,16.5,84,65,70,70,70,Dragon Pokémon,1,0
149,dragonite,Dragon,Flying,91,2.2,210,134,95,80,100,100,Dragon Pokémon,1,0
150,mewtwo,Psychic,,106,2,122,150,70,140,194,120,Genetic Pokémon,1,1
151,mew,Psychic,,100,0.4,4,100,100,100,100,100,New Species Pokémon,1,1
152,chikorita,Grass,,45,0.9,6.4,49,65,45,49,65,Leaf Pokémon,2,0
153,bayleef,Grass,,60,1.2,15.8,62,80,60,63,80,Leaf Pokémon,2,0
154,meganium,Grass,,80,1.8,100.5,82,100,80,83,100,Herb Pokémon,2,0
155,cyndaquil,Fire,,39,0.5,7.9,52,43,65,60,50,Fire Mouse Pokémon,2,0
156,quilava,Fire,,58,0.9,19,64,58,80,80,65,Volcano Pokémon,2,0
157,typhlosion,Fire,,78,1.7,79.5,84,78,100,109,85,Volcano Pokémon,2,0
158,totodile,Water,,50,0.6,9.5,65,64,43,44,48,Big Jaw Pokémon,2,0
159,croconaw,Water,,65,1.1,25,80,80,58,59,63,Big Jaw Pokémon,2,0
160,feraligatr,Water,,85,2.3,88.8,105,100,78,79,83,Big Jaw Pokémon,2,0
161,sentret,Normal,,35,0.8,6,46,34,20,35,45,Scout Pokémon,2,0
162,furret,Normal,,85,1.8,32.5,76,64,90,45,55,Long Body Pokémon,2,0
163,hoothoot,Flying,,60,0.7,21.2,30,30,50,36,56,Owl Pokémon,2,0
164,noctowl,Flying,,100,1.6,40.8,50,50,70,86,96,Owl Pokémon,2,0
165,ledyba,Bug,Flying,40,1,10.8,20,30,55,40,80,Five Star Pokémon,2,0
166,ledian,Bug,Flying,55,1.4,35.6,35,50,85,55,110,Five Star Pokémon,2,0
167,spinarak,Bug,Poison,40,0.5,8.5,60,40,30,40,40,String Spit Pokémon,2,0
168,ariados,Bug,Poison,70,1.1,33.5,90,70,40,60,70,Long Leg Pokémon,2,0
169,crobat,Poison,Flying,85,1.8,75,90,80,130,70,80,Bat Pokémon,2,0
170,chinchou,Water,Electric,75,0.5,12,38,38,67,56,56,Angler Pokémon,2,0
171,lanturn,Water,Electric,125,1.2,22.5,58,58,67,76,76,Light Pokémon,2,0
172,pichu,Electric,,20,0.3,2,40,15,60,35,35,Tiny Mouse Pokémon,2,0
173,cleffa,Fairy,,50,0.3,3,25,28,15,45,55,Star Shape Pokémon,2,0
174,igglybuff,Fairy,,90,0.3,1,30,15,15,40,20,Balloon Pokémon,2,0
175,togepi,Fairy,,35,0.3,1.5,20,65,20,40,65,Spike Ball Pokémon,2,0
176,togetic,Fairy,Flying,55,0.6,3.2,40,85,40,80,105,Happiness Pokémon,2,0
177,natu,Psychic,Flying,40,0.2,2,50,45,70,70,45,Little Bird Pokémon,2,0
178,xatu,Psychic,Flying,65,1.5,15,75,70,95,95,70,Mystic Pokémon,2,0
179,mareep,Electric,,55,0.6,7.8,40,40,35,65,45,Wool Pokémon,2,0
180,flaaffy,Electric,,70,0.8,13.3,55,55,45,80,60,Wool Pokémon,2,0
181,ampharos,Electric,,90,1.4,61.5,95,105,45,165,110,Light Pokémon,2,0
182,bellossom,Grass,,75,0.4,5.8,80,95,50,90,100,Flower Pokémon,2,0
183,marill,Water,Fairy,70,0.4,8.5,20,50,40,20,50,Aquamouse Pokémon,2,0
184,azumarill,Water,Fairy,100,0.8,28.5,50,80,50,60,80,Aquarabbit Pokémon,2,0
185,sudowoodo,Rock,,70,1.2,38,100,115,30,30,65,Imitation Pokémon,2,0
186,politoed,Water,,90,1.1,33.9,75,75,70,90,100,Frog Pokémon,2,0
187,hoppip,Grass,Flying,35,0.4,0.5,35,40,50,35,55,Cottonweed Pokémon,2,0
188,skiploom,Grass,Flying,55,0.6,1,45,50,80,45,65,Cottonweed Pokémon,2,0
189,jumpluff,Grass,Flying,75,0.8,3,55,70,110,55,95,Cottonweed Pokémon,2,0
190,aipom,Normal,,55,0.8,11.5,70,55,85,40,55,Long Tail Pokémon,2,0
191,sunkern,Grass,,30,0.3,1.8,30,30,30,30,30,Seed Pokémon,2,0
192,sunflora,Grass,,75,0.8,8.5,75,55,30,105,85,Sun Pokémon,2,0
193,yanma,Bug,Flying,65,1.2,38,65,45,95,75,45,Clear Wing Pokémon,2,0
194,wooper,Water,Ground,55,0.4,8.5,45,45,15,25,25,Water Fish Pokémon,2,0
195,quagsire,Water,Ground,95,1.4,75,85,85,35,65,65,Water Fish Pokémon,2,0
196,espeon,Psychic,,65,0.9,26.5,65,60,110,130,95,Sun Pokémon,2,0
197,umbreon,Dark,,95,1,27,65,110,65,60,130,Moonlight Pokémon,2,0
198,murkrow,Dark,Flying,60,0.5,2.1,85,42,91,85,42,Darkness Pokémon,2,0
199,slowking,Water,Psychic,95,2,79.5,75,80,30,100,110,Royal Pokémon,2,0
200,misdreavus,Ghost,,60,0.7,1,60,60,85,85,85,Screech Pokémon,2,0
201,unown,Psychic,,48,0.5,5,72,48,48,72,48,Symbol Pokémon,2,0
202,wobbuffet,Psychic,,190,1.3,28.5,33,58,33,33,58,Patient Pokémon,2,0
203,girafarig,Psychic,,70,1.5,41.5,80,65,85,90,65,Long Neck Pokémon,2,0
204,pineco,Bug,,50,0.6,7.2,65,90,15,35,35,Bagworm Pokémon,2,0
205,forretress,Bug,Steel,75,1.2,125.8,90,140,40,60,60,Bagworm Pokémon,2,0
206,dunsparce,Normal,,100,1.5,14,70,70,45,65,65,Land Snake Pokémon,2,0
207,gligar,Ground,Flying,65,1.1,64.8,75,105,85,35,65,Flyscorpion Pokémon,2,0
208,steelix,Steel,Ground,75,9.2,400,125,230,30,55,95,Iron Snake Pokémon,2,0
209,snubbull,Fairy,,60,0.6,7.8,80,50,30,40,40,Fairy Pokémon,2,0
210,granbull,Fairy,,90,1.4,48.7,120,75,45,60,60,Fairy Pokémon,2,0
211,qwilfish,Water,Poison,65,0.5,3.9,95,85,85,55,55,Balloon Pokémon,2,0
212,scizor,Bug,Steel,70,1.8,118,150,140,75,65,100,Pincer Pokémon,2,0
213,shuckle,Bug,Rock,20,0.6,20.5,10,230,5,10,230,Mold Pokémon,2,0
214,heracross,Bug,Fighting,80,1.5,54,185,115,75,40,105,Singlehorn Pokémon,2,0
215,sneasel,Dark,Ice,55,0.9,28,95,55,115,35,75,Sharp Claw Pokémon,2,0
216,teddiursa,Normal,,60,0.6,8.8,80,50,40,50,50,Little Bear Pokémon,2,0
217,ursaring,Normal,,90,1.8,125.8,130,75,55,75,75,Hibernator Pokémon,2,0
218,slugma,Fire,,40,0.7,35,40,40,20,70,40,Lava Pokémon,2,0
219,magcargo,Fire,Rock,60,0.8,55,50,120,30,90,80,Lava Pokémon,2,0
220,swinub,Ice,Ground,50,0.4,6.5,50,40,50,30,30,Pig Pokémon,2,0
221,piloswine,Ice,Ground,100,1.1,55.8,100,80,50,60,60,Swine Pokémon,2,0
222,corsola,Water,Rock,65,0.6,5,55,95,35,65,95,Coral Pokémon,2,0
223,remoraid,Water,,35,0.6,12,65,35,65,65,35,Jet Pokémon,2,0
224,octillery,Water,,75,0.9,28.5,105,75,45,105,75,Jet Pokémon,2,0
225,delibird,Ice,Flying,45,0.9,16,55,45,75,65,45,Delivery Pokémon,2,0
226,mantine,Water,Flying,85,2.1,220,40,70,70,80,140,Kite Pokémon,2,0
227,skarmory,Steel,Flying,65,1.7,50.5,80,140,70,40,70,Armor Bird Pokémon,2,0
228,houndour,Dark,Fire,45,0.6,10.8,60,30,65,80,50,Dark Pokémon,2,0
229,houndoom,Dark,Fire,75,1.4,35,90,90,115,140,90,Dark Pokémon,2,0
230,kingdra,Water,Dragon,75,1.8,152,95,95,85,95,95,Dragon Pokémon,2,0
231,phanpy,Ground,,90,0.5,33.5,60,60,40,40,40,Long Nose Pokémon,2,0
232,donphan,Ground,,90,1.1,120,120,120,50,60,60,Armor Pokémon,2,0
233,porygon2,Normal,,85,0.6,32.5,80,90,60,105,95,Virtual Pokémon,2,0
234,stantler,Normal,,73,1.4,71.2,95,62,85,85,65,Big Horn Pokémon,2,0
235,smeargle,Normal,,55,1.2,58,20,35,75,20,45,Painter Pokémon,2,0
236,tyrogue,Fighting,,35,0.7,21,35,35,35,35,35,Scuffle Pokémon,2,0
237,hitmontop,Fighting,,50,1.4,48,95,95,70,35,110,Handstand Pokémon,2,0
238,smoochum,Ice,Psychic,45,0.4,6,30,15,65,85,65,Kiss Pokémon,2,0
239,elekid,Electric,,45,0.6,23.5,63,37,95,65,55,Electric Pokémon,2,0
240,magby,Fire,,45,0.7,21.4,75,37,83,70,55,Live Coal Pokémon,2,0
241,miltank,Normal,,95,1.2,75.5,80,105,100,40,70,Milk Cow Pokémon,2,0
242,blissey,Normal,,255,1.5,46.8,10,10,55,75,135,Happiness Pokémon,2,0
243,raikou,Electric,,90,1.9,178,85,75,115,115,100,Thunder Pokémon,2,1
244,entei,Fire,,115,2.1,198,115,85,100,90,75,Volcano Pokémon,2,1
245,suicune,Water,,100,2,187,75,115,85,90,115,Aurora Pokémon,2,1
246,larvitar,Rock,Ground,50,0.6,72,64,50,41,45,50,Rock Skin Pokémon,2,0
247,pupitar,Rock,Ground,70,1.2,152,84,70,51,65,70,Hard Shell Pokémon,2,0
248,tyranitar,Rock,Dark,100,2,202,164,150,71,95,120,Armor Pokémon,2,0
249,lugia,Psychic,Flying,106,5.2,216,90,130,110,90,154,Diving Pokémon,2,1
250,ho-oh,Fire,Flying,106,3.8,199,130,90,90,110,154,Rainbow Pokémon,2,1
251,celebi,Psychic,Grass,100,0.6,5,100,100,100,100,100,Time Travel Pokémon,2,1
252,treecko,Grass,,40,0.5,5,45,35,70,65,55,Wood Gecko Pokémon,3,0
253,grovyle,Grass,,50,0.9,21.6,65,45,95,85,65,Wood Gecko Pokémon,3,0
254,sceptile,Grass,,70,1.7,52.2,110,75,145,145,85,Forest Pokémon,3,0
255,torchic,Fire,,45,0.4,2.5,60,40,45,70,50,Chick Pokémon,3,0
256,combusken,Fire,Fighting,60,0.9,19.5,85,60,55,85,60,Young Fowl Pokémon,3,0
257,blaziken,Fire,Fighting,80,1.9,52,160,80,100,130,80,Blaze Pokémon,3,0
258,mudkip,Water,,50,0.4,7.6,70,50,40,50,50,Mud Fish Pokémon,3,0
259,marshtomp,Water,Ground,70,0.7,28,85,70,50,60,70,Mud Fish Pokémon,3,0
260,swampert,Water,Ground,100,1.5,81.9,150,110,70,95,110,Mud Fish Pokémon,3,0
261,poochyena,Dark,,35,0.5,13.6,55,35,35,30,30,Bite Pokémon,3,0
262,mightyena,Dark,,70,1,37,90,70,70,60,60,Bite Pokémon,3,0
263,zigzagoon,Normal,,38,0.4,17.5,30,41,60,30,41,Tiny Racoon Pokémon,3,0
264,linoone,Normal,,78,0.5,32.5,70,61,100,50,61,Rush Pokémon,3,0
265,wurmple,Bug,,45,0.3,3.6,45,35,20,20,30,Worm Pokémon,3,0
266,silcoon,Bug,,50,0.6,10,35,55,15,25,25,Cocoon Pokémon,3,0
267,beautifly,Bug,Flying,60,1,28.4,70,50,65,100,50,Butterfly Pokémon,3,0
268,cascoon,Bug,,50,0.7,11.5,35,55,15,25,25,Cocoon Pokémon,3,0
269,dustox,Bug,Poison,60,1.2,31.6,50,70,65,50,90,Poison Moth Pokémon,3,0
270,lotad,Water,Grass,40,0.5,2.6,30,30,30,40,50,Water Weed Pokémon,3,0
271,lombre,Water,Grass,60,1.2,32.5,50,50,50,60,70,Jolly Pokémon,3,0
272,ludicolo,Water,Grass,80,1.5,55,70,70,70,90,100,Carefree Pokémon,3,0
273,seedot,Grass,,40,0.5,4,40,50,30,30,30,Acorn Pokémon,3,0
274,nuzleaf,Grass,Dark,70,1,28,70,40,60,60,40,Wily Pokémon,3,0
275,shiftry,Grass,Dark,90,1.3,59.6,100,60,80,90,60,Wickid Pokémon,3,0
276,taillow,Flying,,40,0.3,2.3,55,30,85,30,30,TinySwallow Pokémon,3,0
277,swellow,Flying,,60,0.7,19.8,85,60,125,75,50,Swallow Pokémon,3,0
278,wingull,Water,Flying,40,0.6,9.5,30,30,85,55,30,Seagull Pokémon,3,0
279,pelipper,Water,Flying,60,1.2,28,50,100,65,95,70,Water Bird Pokémon,3,0
280,ralts,Psychic,Fairy,28,0.4,6.6,25,25,40,45,35,Feeling Pokémon,3,0
281,kirlia,Psychic,Fairy,38,0.8,20.2,35,35,50,65,55,Emotion Pokémon,3,0
282,gardevoir,Psychic,Fairy,68,1.6,48.4,85,65,100,165,135,Embrace Pokémon,3,0
283,surskit,Bug,Water,40,0.5,1.7,30,32,65,50,52,Pond Skater Pokémon,3,0
284,masquerain,Bug,Flying,70,0.8,3.6,60,62,80,100,82,Eyeball Pokémon,3,0
285,shroomish,Grass,,60,0.4,4.5,40,60,35,40,60,Mushroom Pokémon,3,0
286,breloom,Grass,Fighting,60,1.2,39.2,130,80,70,60,60,Mushroom Pokémon,3,0
287,slakoth,Normal,,60,0.8,24,60,60,30,35,35,Slacker Pokémon,3,0
288,vigoroth,Normal,,80,1.4,46.5,80,80,90,55,55,Wild Monkey Pokémon,3,0
289,slaking,Normal,,150,2,130.5,160,100,100,95,65,Lazy Pokémon,3,0
290,nincada,Bug,Ground,31,0.5,5.5,45,90,40,30,30,Trainee Pokémon,3,0
291,ninjask,Bug,Flying,61,0.8,12,90,45,160,50,50,Ninja Pokémon,3,0
292,shedinja,Bug,Ghost,1,0.8,1.2,90,45,40,30,30,Shed Pokémon,3,0
293,whismur,Normal,,64,0.6,16.3,51,23,28,51,23,Whisper Pokémon,3,0
294,loudred,Normal,,84,1,40.5,71,43,48,71,43,Big Voice Pokémon,3,0
295,exploud,Normal,,104,1.5,84,91,63,68,91,73,Loud Noise Pokémon,3,0
296,makuhita,Fighting,,72,1,86.4,60,30,25,20,30,Guts Pokémon,3,0
297,hariyama,Fighting,,144,2.3,253.8,120,60,50,40,60,Arm Thrust Pokémon,3,0
298,azurill,Normal,Fairy,50,0.2,2,20,40,20,20,40,Polka Dot Pokémon,3,0
299,nosepass,Rock,,30,1,97,45,135,30,45,90,Compass Pokémon,3,0
300,skitty,Normal,,50,0.6,11,45,45,50,35,35,Kitten Pokémon,3,0
301,delcatty,Normal,,70,1.1,32.6,65,65,90,55,55,Prim Pokémon,3,0
302,sableye,Dark,Ghost,50,0.5,11,85,125,20,85,115,Darkness Pokémon,3,0
303,mawile,Steel,Fairy,50,0.6,11.5,105,125,50,55,95,Deceiver Pokémon,3,0
304,aron,Steel,Rock,50,0.4,60,70,100,30,40,40,Iron Armor Pokémon,3,0
305,lairon,Steel,Rock,60,0.9,120,90,140,40,50,50,Iron Armor Pokémon,3,0
306,aggron,Steel,Rock,70,2.1,360,140,230,50,60,80,Iron Armor Pokémon,3,0
307,meditite,Fighting,Psychic,30,0.6,11.2,40,55,60,40,55,Meditate Pokémon,3,0
308,medicham,Fighting,Psychic,60,1.3,31.5,100,85,100,80,85,Meditate Pokémon,3,0
309,electrike,Electric,,40,0.6,15.2,45,40,65,65,40,Lightning Pokémon,3,0
310,manectric,Electric,,70,1.5,40.2,75,80,135,135,80,Discharge Pokémon,3,0
311,plusle,Electric,,60,0.4,4.2,50,40,95,85,75,Cheering Pokémon,3,0
312,minun,Electric,,60,0.4,4.2,40,50,95,75,85,Cheering Pokémon,3,0
313,volbeat,Bug,,65,0.7,17.7,73,75,85,47,85,Firefly Pokémon,3,0
314,illumise,Bug,,65,0.6,17.7,47,75,85,73,85,Firefly Pokémon,3,0
315,roselia,Grass,Poison,50,0.3,2,60,45,65,100,80,Thorn Pokémon,3,0
316,gulpin,Poison,,70,0.4,10.3,43,53,40,43,53,Stomach Pokémon,3,0
317,swalot,Poison,,100,1.7,80,73,83,55,73,83,Poison Bag Pokémon,3,0
318,carvanha,Water,Dark,45,0.8,20.8,90,20,65,65,20,Savage Pokémon,3,0
319,sharpedo,Water,Dark,70,1.8,88.8,140,70,105,110,65,Brutal Pokémon,3,0
320,wailmer,Water,,130,2,130,70,35,60,70,35,Ball Whale Pokémon,3,0
321,wailord,Water,,170,14.5,398,90,45,60,90,45,Float Whale Pokémon,3,0
322,numel,Fire,Ground,60,0.7,24,60,40,35,65,45,Numb Pokémon,3,0
323,camerupt,Fire,Ground,70,1.9,220,120,100,20,145,105,Eruption Pokémon,3,0
324,torkoal,Fire,,70,0.5,80.4,85,140,20,85,70,Coal Pokémon,3,0
325,spoink,Psychic,,60,0.7,30.6,25,35,60,70,80,Bounce Pokémon,3,0
326,grumpig,Psychic,,80,0.9,71.5,45,65,80,90,110,Manipulate Pokémon,3,0
327,spinda,Normal,,60,1.1,5,60,60,60,60,60,Spot Panda Pokémon,3,0
328,trapinch,Ground,,45,0.7,15,100,45,10,45,45,Ant Pit Pokémon,3,0
329,vibrava,Ground,Dragon,50,1.1,15.3,70,50,70,50,50,Vibration Pokémon,3,0
330,flygon,Ground,Dragon,80,2,82,100,80,100,80,80,Mystic Pokémon,3,0
331,cacnea,Grass,,50,0.4,51.3,85,40,35,85,40,Cactus Pokémon,3,0
332,cacturne,Grass,Dark,70,1.3,77.4,115,60,55,115,60,Scarecrow Pokémon,3,0
333,swablu,Flying,,45,0.4,1.2,40,60,50,40,75,Cotton Bird Pokémon,3,0
334,altaria,Dragon,Flying,75,1.1,20.6,110,110,80,110,105,Humming Pokémon,3,0
335,zangoose,Normal,,73,1.3,40.3,115,60,90,60,60,Cat Ferret Pokémon,3,0
336,seviper,Poison,,73,2.7,52.5,100,60,65,100,60,Fang Snake Pokémon,3,0
337,lunatone,Rock,Psychic,90,1,168,55,65,70,95,85,Meteorite Pokémon,3,0
338,solrock,Rock,Psychic,90,1.2,154,95,85,70,55,65,Meteorite Pokémon,3,0
339,barboach,Water,Ground,50,0.4,1.9,48,43,60,46,41,Whiskers Pokémon,3,0
340,whiscash,Water,Ground,110,0.9,23.6,78,73,60,76,71,Whiskers Pokémon,3,0
341,corphish,Water,,43,0.6,11.5,80,65,35,50,35,Ruffian Pokémon,3,0
342,crawdaunt,Water,Dark,63,1.1,32.8,120,85,55,90,55,Rogue Pokémon,3,0
343,baltoy,Ground,Psychic,40,0.5,21.5,40,55,55,40,70,Clay Doll Pokémon,3,0
344,claydol,Ground,Psychic,60,1.5,108,70,105,75,70,120,Clay Doll Pokémon,3,0
345,lileep,Rock,Grass,66,1,23.8,41,77,23,61,87,Sea Lily Pokémon,3,0
346,cradily,Rock,Grass,86,1.5,60.4,81,97,43,81,107,Barnacle Pokémon,3,0
347,anorith,Rock,Bug,45,0.7,12.5,95,50,75,40,50,Old Shrimp Pokémon,3,0
348,armaldo,Rock,Bug,75,1.5,68.2,125,100,45,70,80,Plate Pokémon,3,0
349,feebas,Water,,20,0.6,7.4,15,20,80,10,55,Fish Pokémon,3,0
350,milotic,Water,,95,6.2,162,60,79,81,100,125,Tender Pokémon,3,0
351,castform,Normal,,70,0.3,0.8,70,70,70,70,70,Weather Pokémon,3,0
352,kecleon,Normal,,60,1,22,90,70,40,60,120,Color Swap Pokémon,3,0
353,shuppet,Ghost,,44,0.6,2.3,75,35,45,63,33,Puppet Pokémon,3,0
354,banette,Ghost,,64,1.1,12.5,165,75,75,93,83,Marionette Pokémon,3,0
355,duskull,Ghost,,20,0.8,15,40,90,25,30,90,Requiem Pokémon,3,0
356,dusclops,Ghost,,40,1.6,30.6,70,130,25,60,130,Beckon Pokémon,3,0
357,tropius,Grass,Flying,99,2,100,68,83,51,72,87,Fruit Pokémon,3,0
358,chimecho,Psychic,,75,0.6,1,50,80,65,95,90,Wind Chime Pokémon,3,0
359,absol,Dark,,65,1.2,47,150,60,115,115,60,Disaster Pokémon,3,0
360,wynaut,Psychic,,95,0.6,14,23,48,23,23,48,Bright Pokémon,3,0
361,snorunt,Ice,,50,0.7,16.8,50,50,50,50,50,Snow Hat Pokémon,3,0
362,glalie,Ice,,80,1.5,256.5,120,80,100,120,80,Face Pokémon,3,0
363,spheal,Ice,Water,70,0.8,39.5,40,50,25,55,50,Clap Pokémon,3,0
364,sealeo,Ice,Water,90,1.1,87.6,60,70,45,75,70,Ball Roll Pokémon,3,0
365,walrein,Ice,Water,110,1.4,150.6,80,90,65,95,90,Ice Break Pokémon,3,0
366,clamperl,Water,,35,0.4,52.5,64,85,32,74,55,Bivalve Pokémon,3,0
367,huntail,Water,,55,1.7,27,104,105,52,94,75,Deep Sea Pokémon,3,0
368,gorebyss,Water,,55,1.8,22.6,84,105,52,114,75,South Sea Pokémon,3,0
369,relicanth,Water,Rock,100,1,23.4,90,130,55,45,65,Longevity Pokémon,3,0
370,luvdisc,Water,,43,0.6,8.7,30,55,97,40,65,Rendezvous Pokémon,3,0
371,bagon,Dragon,,45,0.6,42.1,75,60,50,40,30,Rock Head Pokémon,3,0
372,shelgon,Dragon,,65,1.1,110.5,95,100,50,60,50,Endurance Pokémon,3,0
373,salamence,Dragon,Flying,95,1.5,102.6,145,130,120,120,90,Dragon Pokémon,3,0
374,beldum,Steel,Psychic,40,0.6,95.2,55,80,30,35,60,Iron Ball Pokémon,3,0
375,metang,Steel,Psychic,60,1.2,202.5,75,100,50,55,80,Iron Claw Pokémon,3,0
376,metagross,Steel,Psychic,80,1.6,550,145,150,110,105,110,Iron Leg Pokémon,3,0
377,regirock,Rock,,80,1.7,230,100,200,50,50,100,Rock Peak Pokémon,3,1
378,regice,Ice,,80,1.8,175,50,100,50,100,200,Iceberg Pokémon,3,1
379,registeel,Steel,,80,1.9,205,75,150,50,75,150,Iron Pokémon,3,1
380,latias,Dragon,Psychic,80,1.4,40,100,120,110,140,150,Eon Pokémon,3,1
381,latios,Dragon,Psychic,80,2,60,130,100,110,160,120,Eon Pokémon,3,1
382,kyogre,Water,,100,4.5,352,150,90,90,180,160,Sea Basin Pokémon,3,1
383,groudon,Ground,,100,3.5,950,180,160,90,150,90,Continent Pokémon,3,1
384,rayquaza,Dragon,Flying,105,7,206.5,180,100,115,180,100,Sky High Pokémon,3,1
385,jirachi,Steel,Psychic,100,0.3,1.1,100,100,100,100,100,Wish Pokémon,3,1
386,deoxys-normal,Psychic,,50,1.7,60.8,95,90,180,95,90,DNA Pokémon,3,1
387,turtwig,Grass,,55,0.4,10.2,68,64,31,45,55,Tiny Leaf Pokémon,4,0
388,grotle,Grass,,75,1.1,97,89,85,36,55,65,Grove Pokémon,4,0
389,torterra,Grass,Ground,95,2.2,310,109,105,56,75,85,Continent Pokémon,4,0
390,chimchar,Fire,,44,0.5,6.2,58,44,61,58,44,Chimp Pokémon,4,0
391,monferno,Fire,Fighting,64,0.9,22,78,52,81,78,52,Playful Pokémon,4,0
392,infernape,Fire,Fighting,76,1.2,55,104,71,108,104,71,Flame Pokémon,4,0
393,piplup,Water,,53,0.4,5.2,51,53,40,61,56,Penguin Pokémon,4,0
394,prinplup,Water,,64,0.8,23,66,68,50,81,76,Penguin Pokémon,4,0
395,empoleon,Water,Steel,84,1.7,84.5,86,88,60,111,101,Emperor Pokémon,4,0
396,starly,Flying,,40,0.3,2,55,30,60,30,30,Starling Pokémon,4,0
397,staravia,Flying,,55,0.6,15.5,75,50,80,40,40,Starling Pokémon,4,0
398,staraptor,Flying,,85,1.2,24.9,120,70,100,50,60,Predator Pokémon,4,0
399,bidoof,Normal,,59,0.5,20,45,40,31,35,40,Plump Mouse Pokémon,4,0
400,bibarel,Water,,79,1,31.5,85,60,71,55,60,Beaver Pokémon,4,0
401,kricketot,Bug,,37,0.3,2.2,25,41,25,25,41,Cricket Pokémon,4,0
402,kricketune,Bug,,77,1,25.5,85,51,65,55,51,Cricket Pokémon,4,0
403,shinx,Electric,,45,0.5,9.5,65,34,45,40,34,Flash Pokémon,4,0
404,luxio,Electric,,60,0.9,30.5,85,49,60,60,49,Spark Pokémon,4,0
405,luxray,Electric,,80,1.4,42,120,79,70,95,79,Gleam Eyes Pokémon,4,0
406,budew,Grass,Poison,40,0.2,1.2,30,35,55,50,70,Bud Pokémon,4,0
407,roserade,Grass,Poison,60,0.9,14.5,70,65,90,125,105,Bouquet Pokémon,4,0
408,cranidos,Rock,,67,0.9,31.5,125,40,58,30,30,Head Butt Pokémon,4,0
409,rampardos,Rock,,97,1.6,102.5,165,60,58,65,50,Head Butt Pokémon,4,0
410,shieldon,Rock,Steel,30,0.5,57,42,118,30,42,88,Shield Pokémon,4,0
411,bastiodon,Rock,Steel,60,1.3,149.5,52,168,30,47,138,Shield Pokémon,4,0
412,burmy,Bug,,40,0.2,3.4,29,45,36,29,45,Bagworm Pokémon,4,0
413,wormadam-plant,Bug,Grass,60,0.5,6.5,69,95,36,69,95,Bagworm Pokémon,4,0
414,mothim,Bug,Flying,70,0.9,23.3,94,50,66,94,50,Moth Pokémon,4,0
415,combee,Bug,Flying,30,0.3,5.5,30,42,70,30,42,Tiny Bee Pokémon,4,0
416,vespiquen,Bug,Flying,70,1.2,38.5,80,102,40,80,102,Beehive Pokémon,4,0
417,pachirisu,Electric,,60,0.4,3.9,45,70,95,45,90,EleSquirrel Pokémon,4,0
418,buizel,Water,,55,0.7,29.5,65,35,85,60,30,Sea Weasel Pokémon,4,0
419,floatzel,Water,,85,1.1,33.5,105,55,115,85,50,Sea Weasel Pokémon,4,0
420,cherubi,Grass,,45,0.4,3.3,35,45,35,62,53,Cherry Pokémon,4,0
421,cherrim,Grass,,70,0.5,9.3,60,70,85,87,78,Blossom Pokémon,4,0
422,shellos,Water,,76,0.3,6.3,48,48,34,57,62,Sea Slug Pokémon,4,0
423,gastrodon,Water,Ground,111,0.9,29.9,83,68,39,92,82,Sea Slug Pokémon,4,0
424,ambipom,Normal,,75,1.2,20.3,100,66,115,60,66,Long Tail Pokémon,4,0
425,drifloon,Ghost,Flying,90,0.4,1.2,50,34,70,60,44,Balloon Pokémon,4,0
426,drifblim,Ghost,Flying,150,1.2,15,80,44,80,90,54,Blimp Pokémon,4,0
427,buneary,Normal,,55,0.4,5.5,66,44,85,44,56,Rabbit Pokémon,4,0
428,lopunny,Normal,,65,1.2,33.3,136,94,135,54,96,Rabbit Pokémon,4,0
429,mismagius,Ghost,,60,0.9,4.4,60,60,105,105,105,Magical Pokémon,4,0
430,honchkrow,Dark,Flying,100,0.9,27.3,125,52,71,105,52,Big Boss Pokémon,4,0
431,glameow,Normal,,49,0.5,3.9,55,42,85,42,37,Catty Pokémon,4,0
432,purugly,Normal,,71,1,43.8,82,64,112,64,59,Tiger Cat Pokémon,4,0
433,chingling,Psychic,,45,0.2,0.6,30,50,45,65,50,Bell Pokémon,4,0
434,stunky,Poison,Dark,63,0.4,19.2,63,47,74,41,41,Skunk Pokémon,4,0
435,skuntank,Poison,Dark,103,1,38,93,67,84,71,61,Skunk Pokémon,4,0
436,bronzor,Steel,Psychic,57,0.5,60.5,24,86,23,24,86,Bronze Pokémon,4,0
437,bronzong,Steel,Psychic,67,1.3,187,89,116,33,79,116,Bronze Bell Pokémon,4,0
438,bonsly,Rock,,50,0.5,15,80,95,10,10,45,Bonsai Pokémon,4,0
439,mime-jr,Psychic,Fairy,20,0.6,13,25,45,60,70,90,Mime Pokémon,4,0
440,happiny,Normal,,100,0.6,24.4,5,5,30,15,65,Playhouse Pokémon,4,0
441,chatot,Flying,,76,0.5,1.9,65,45,91,92,42,Music Note Pokémon,4,0
442,spiritomb,Ghost,Dark,50,1,108,92,108,35,92,108,Forbidden Pokémon,4,0
443,gible,Dragon,Ground,58,0.7,20.5,70,45,42,40,45,Land Shark Pokémon,4,0
444,gabite,Dragon,Ground,68,1.4,56,90,65,82,50,55,Cave Pokémon,4,0
445,garchomp,Dragon,Ground,108,1.9,95,170,115,92,120,95,Mach Pokémon,4,0
446,munchlax,Normal,,135,0.6,105,85,40,5,40,85,Big Eater Pokémon,4,0
447,riolu,Fighting,,40,0.7,20.2,70,40,60,35,40,Emanation Pokémon,4,0
448,lucario,Fighting,Steel,70,1.2,54,145,88,112,140,70,Aura Pokémon,4,0
449,hippopotas,Ground,,68,0.8,49.5,72,78,32,38,42,Hippo Pokémon,4,0
450,hippowdon,Ground,,108,2,300,112,118,47,68,72,Heavyweight Pokémon,4,0
451,skorupi,Poison,Bug,40,0.8,12,50,90,65,30,55,Scorpion Pokémon,4,0
452,drapion,Poison,Dark,70,1.3,61.5,90,110,95,60,75,Ogre Scorp Pokémon,4,0
453,croagunk,Poison,Fighting,48,0.7,23,61,40,50,61,40,Toxic Mouth Pokémon,4,0
454,toxicroak,Poison,Fighting,83,1.3,44.4,106,65,85,86,65,Toxic Mouth Pokémon,4,0
455,carnivine,Grass,,74,1.4,27,100,72,46,90,72,Bug Catcher Pokémon,4,0
456,finneon,Water,,49,0.4,7,49,56,66,49,61,Wing Fish Pokémon,4,0
457,lumineon,Water,,69,1.2,24,69,76,91,69,86,Neon Pokémon,4,0
458,mantyke,Water,Flying,45,1,65,20,50,50,60,120,Kite Pokémon,4,0
459,snover,Grass,Ice,60,1,50.5,62,50,40,62,60,Frosted Tree Pokémon,4,0
460,abomasnow,Grass,Ice,90,2.2,135.5,132,105,30,132,105,Frosted Tree Pokémon,4,0
461,weavile,Dark,Ice,70,1.1,34,120,65,125,45,85,Sharp Claw Pokémon,4,0
462,magnezone,Electric,Steel,70,1.2,180,70,115,60,130,90,Magnet Area Pokémon,4,0
463,lickilicky,Normal,,110,1.7,140,85,95,50,80,95,Licking Pokémon,4,0
464,rhyperior,Ground,Rock,115,2.4,282.8,140,130,40,55,55,Drill Pokémon,4,0
465,tangrowth,Grass,,100,2,128.6,100,125,50,110,50,Vine Pokémon,4,0
466,electivire,Electric,,75,1.8,138.6,123,67,95,95,85,Thunderbolt Pokémon,4,0
467,magmortar,Fire,,75,1.6,68,95,67,83,125,95,Blast Pokémon,4,0
468,togekiss,Fairy,Flying,85,1.5,38,50,95,80,120,115,Jubilee Pokémon,4,0
469,yanmega,Bug,Flying,86,1.9,51.5,76,86,95,116,56,Ogre Darner Pokémon,4,0
470,leafeon,Grass,,65,1,25.5,110,130,95,60,65,Verdant Pokémon,4,0
471,glaceon,Ice,,65,0.8,25.9,60,110,65,130,95,Fresh Snow Pokémon,4,0
472,gliscor,Ground,Flying,75,2,42.5,95,125,95,45,75,Fang Scorp Pokémon,4,0
473,mamoswine,Ice,Ground,110,2.5,291,130,80,80,70,60,Twin Tusk Pokémon,4,0
474,porygon-z,Normal,,85,0.9,34,80,70,90,135,75,Virtual Pokémon,4,0
475,gallade,Psychic,Fighting,68,1.6,52,165,95,110,65,115,Blade Pokémon,4,0
476,probopass,Rock,Steel,60,1.4,340,55,145,40,75,150,Compass Pokémon,4,0
477,dusknoir,Ghost,,45,2.2,106.6,100,135,45,65,135,Gripper Pokémon,4,0
478,froslass,Ice,Ghost,70,1.3,26.6,80,70,110,80,70,Snow Land Pokémon,4,0
479,rotom,Electric,Ghost,50,0.3,0.3,65,107,86,105,107,Plasma Pokémon,4,0
480,uxie,Psychic,,75,0.3,0.3,75,130,95,75,130,Knowledge Pokémon,4,1
481,mesprit,Psychic,,80,0.3,0.3,105,105,80,105,105,Emotion Pokémon,4,1
482,azelf,Psychic,,75,0.3,0.3,125,70,115,125,70,Willpower Pokémon,4,1
483,dialga,Steel,Dragon,100,5.4,683,120,120,90,150,100,Temporal Pokémon,4,1
484,palkia,Water,Dragon,90,4.2,336,120,100,100,150,120,Spatial Pokémon,4,1
485,heatran,Fire,Steel,91,1.7,430,90,106,77,130,106,Lava Dome Pokémon,4,1
486,regigigas,Normal,,110,3.7,420,160,110,100,80,110,Colossal Pokémon,4,1
487,giratina-altered,Ghost,Dragon,150,4.5,750,120,100,90,120,100,Renegade Pokémon,4,1
488,cresselia,Psychic,,120,1.5,85.6,70,120,85,75,130,Lunar Pokémon,4,1
489,phione,Water,,80,0.4,3.1,80,80,80,80,80,Sea Drifter Pokémon,4,0
490,manaphy,Water,,100,0.3,1.4,100,100,100,100,100,Seafaring Pokémon,4,1
491,darkrai,Dark,,70,1.5,50.5,90,90,125,135,90,Pitch-Black Pokémon,4,1
492,shaymin-land,Grass,,100,0.2,2.1,103,75,127,120,75,Gratitude Pokémon,4,1
493,arceus,Normal,,120,3.2,320,120,120,120,120,120,Alpha Pokémon,4,1
494,victini,Psychic,Fire,100,0.4,4,100,100,100,100,100,Victory Pokémon,5,1
495,snivy,Grass,,45,0.6,8.1,45,55,63,45,55,Grass Snake Pokémon,5,0
496,servine,Grass,,60,0.8,16,60,75,83,60,75,Grass Snake Pokémon,5,0
497,serperior,Grass,,75,3.3,63,75,95,113,75,95,Regal Pokémon,5,0
498,tepig,Fire,,65,0.5,9.9,63,45,45,45,45,Fire Pig Pokémon,5,0
499,pignite,Fire,Fighting,90,1,55.5,93,55,55,70,55,Fire Pig Pokémon,5,0
500,emboar,Fire,Fighting,110,1.6,150,123,65,65,100,65,Mega Fire Pig Pokémon,5,0
501,oshawott,Water,,55,0.5,5.9,55,45,45,63,45,Sea Otter Pokémon,5,0
502,dewott,Water,,75,0.8,24.5,75,60,60,83,60,Discipline Pokémon,5,0
503,samurott,Water,,95,1.5,94.6,100,85,70,108,70,Formidable Pokémon,5,0
504,patrat,Normal,,45,0.5,11.6,55,39,42,35,39,Scout Pokémon,5,0
505,watchog,Normal,,60,1.1,27,85,69,77,60,69,Lookout Pokémon,5,0
506,lillipup,Normal,,45,0.4,4.1,60,45,55,25,45,Puppy Pokémon,5,0
507,herdier,Normal,,65,0.9,14.7,80,65,60,35,65,Loyal Dog Pokémon,5,0
508,stoutland,Normal,,85,1.2,61,110,90,80,45,90,Big-Hearted Pokémon,5,0
509,purrloin,Dark,,41,0.4,10.1,50,37,66,50,37,Devious Pokémon,5,0
510,liepard,Dark,,64,1.1,37.5,88,50,106,88,50,Cruel Pokémon,5,0
511,pansage,Grass,,50,0.6,10.5,53,48,64,53,48,Grass Monkey Pokémon,5,0
512,simisage,Grass,,75,1.1,30.5,98,63,101,98,63,Thorn Monkey Pokémon,5,0
513,pansear,Fire,,50,0.6,11,53,48,64,53,48,High Temp Pokémon,5,0
514,simisear,Fire,,75,1,28,98,63,101,98,63,Ember Pokémon,5,0
515,panpour,Water,,50,0.6,13.5,53,48,64,53,48,Spray Pokémon,5,0
516,simipour,Water,,75,1,29,98,63,101,98,63,Geyser Pokémon,5,0
517,munna,Psychic,,76,0.6,23.3,25,45,24,67,55,Dream Eater Pokémon,5,0
518,musharna,Psychic,,116,1.1,60.5,55,85,29,107,95,Drowsing Pokémon,5,0
519,pidove,Flying,,50,0.3,2.1,55,50,43,36,30,Tiny Pigeon Pokémon,5,0
520,tranquill,Flying,,62,0.6,15,77,62,65,50,42,Wild Pigeon Pokémon,5,0
521,unfezant,Flying,,80,1.2,29,115,80,93,65,55,Proud Pokémon,5,0
522,blitzle,Electric,,45,0.8,29.8,60,32,76,50,32,Electrified Pokémon,5,0
523,zebstrika,Electric,,75,1.6,79.5,100,63,116,80,63,Thunderbolt Pokémon,5,0
524,roggenrola,Rock,,55,0.4,18,75,85,15,25,25,Mantle Pokémon,5,0
525,boldore,Rock,,70,0.9,102,105,105,20,50,40,Ore Pokémon,5,0
526,gigalith,Rock,,85,1.7,260,135,130,25,60,80,Compressed Pokémon,5,0
527,woobat,Psychic,Flying,65,0.4,2.1,45,43,72,55,43,Bat Pokémon,5,0
528,swoobat,Psychic,Flying,67,0.9,10.5,57,55,114,77,55,Courting Pokémon,5,0
529,drilbur,Ground,,60,0.3,8.5,85,40,68,30,45,Mole Pokémon,5,0
530,excadrill,Ground,Steel,110,0.7,40.4,135,60,88,50,65,Subterrene Pokémon,5,0
531,audino,Normal,,103,1.1,31,60,126,50,80,126,Hearing Pokémon,5,0
532,timburr,Fighting,,75,0.6,12.5,80,55,35,25,35,Muscular Pokémon,5,0
533,gurdurr,Fighting,,85,1.2,40,105,85,40,40,50,Muscular Pokémon,5,0
534,conkeldurr,Fighting,,105,1.4,87,140,95,45,55,65,Muscular Pokémon,5,0
535,tympole,Water,,50,0.5,4.5,50,40,64,50,40,Tadpole Pokémon,5,0
536,palpitoad,Water,Ground,75,0.8,17,65,55,69,65,55,Vibration Pokémon,5,0
537,seismitoad,Water,Ground,105,1.5,62,95,75,74,85,75,Vibration Pokémon,5,0
538,throh,Fighting,,120,1.3,55.5,100,85,45,30,85,Judo Pokémon,5,0
539,sawk,Fighting,,75,1.4,51,125,75,85,30,75,Karate Pokémon,5,0
540,sewaddle,Bug,Grass,45,0.3,2.5,53,70,42,40,60,Sewing Pokémon,5,0
541,swadloon,Bug,Grass,55,0.5,7.3,63,90,42,50,80,Leaf-Wrapped Pokémon,5,0
542,leavanny,Bug,Grass,75,1.2,20.5,103,80,92,70,80,Nurturing Pokémon,5,0
543,venipede,Bug,Poison,30,0.4,5.3,45,59,57,30,39,Centipede Pokémon,5,0
544,whirlipede,Bug,Poison,40,1.2,58.5,55,99,47,40,79,Curlipede Pokémon,5,0
545,scolipede,Bug,Poison,60,2.5,200.5,100,89,112,55,69,Megapede Pokémon,5,0
546,cottonee,Grass,Fairy,40,0.3,0.6,27,60,66,37,50,Cotton Puff Pokémon,5,0
547,whimsicott,Grass,Fairy,60,0.7,6.6,67,85,116,77,75,Windveiled Pokémon,5,0
548,petilil,Grass,,45,0.5,6.6,35,50,30,70,50,Bulb Pokémon,5,0
549,lilligant,Grass,,70,1.1,16.3,60,75,90,110,75,Flowering Pokémon,5,0
550,basculin-red-striped,Water,,70,1,18,92,65,98,80,55,Hostile Pokémon,5,0
551,sandile,Ground,Dark,50,0.7,15.2,72,35,65,35,35,Desert Croc Pokémon,5,0
552,krokorok,Ground,Dark,60,1,33.4,82,45,74,45,45,Desert Croc Pokémon,5,0
553,krookodile,Ground,Dark,95,1.5,96.3,117,80,92,65,70,Intimidation Pokémon,5,0
554,darumaka,Fire,,70,0.6,37.5,90,45,50,15,45,Zen Charm Pokémon,5,0
555,darmanitan-standard,Fire,,105,1.3,92.9,30,105,55,140,105,Blazing Pokémon,5,0
556,maractus,Grass,,75,1,28,86,67,60,106,67,Cactus Pokémon,5,0
557,dwebble,Bug,Rock,50,0.3,14.5,65,85,55,35,35,Rock Inn Pokémon,5,0
558,crustle,Bug,Rock,70,1.4,200,105,125,45,65,75,Stone Home Pokémon,5,0
559,scraggy,Dark,Fighting,50,0.6,11.8,75,70,48,35,70,Shedding Pokémon,5,0
560,scrafty,Dark,Fighting,65,1.1,30,90,115,58,45,115,Hoodlum Pokémon,5,0
561,sigilyph,Psychic,Flying,72,1.4,14,58,80,97,103,80,Avianoid Pokémon,5,0
562,yamask,Ghost,,38,0.5,1.5,30,85,30,55,65,Spirit Pokémon,5,0
563,cofagrigus,Ghost,,58,1.7,76.5,50,145,30,95,105,Coffin Pokémon,5,0
564,tirtouga,Water,Rock,54,0.7,16.5,78,103,22,53,45,Prototurtle Pokémon,5,0
565,carracosta,Water,Rock,74,1.2,81,108,133,32,83,65,Prototurtle Pokémon,5,0
566,archen,Rock,Flying,55,0.5,9.5,112,45,70,74,45,First Bird Pokémon,5,0
567,archeops,Rock,Flying,75,1.4,32,140,65,110,112,65,First Bird Pokémon,5,0
568,trubbish,Poison,,50,0.6,31,50,62,65,40,62,Trash Bag Pokémon,5,0
569,garbodor,Poison,,80,1.9,107.3,95,82,75,60,82,Trash Heap Pokémon,5,0
570,zorua,Dark,,40,0.7,12.5,65,40,65,80,40,Tricky Fox Pokémon,5,0
571,zoroark,Dark,,60,1.6,81.1,105,60,105,120,60,Illusion Fox Pokémon,5,0
572,minccino,Normal,,55,0.4,5.8,50,40,75,40,40,Chinchilla Pokémon,5,0
573,cinccino,Normal,,75,0.5,7.5,95,60,115,65,60,Scarf Pokémon,5,0
574,gothita,Psychic,,45,0.4,5.8,30,50,45,55,65,Fixation Pokémon,5,0
575,gothorita,Psychic,,60,0.7,18,45,70,55,75,85,Manipulate Pokémon,5,0
576,gothitelle,Psychic,,70,1.5,44,55,95,65,95,110,Astral Body Pokémon,5,0
577,solosis,Psychic,,45,0.3,1,30,40,20,105,50,Cell Pokémon,5,0
578,duosion,Psychic,,65,0.6,8,40,50,30,125,60,Mitosis Pokémon,5,0
579,reuniclus,Psychic,,110,1,20.1,65,75,30,125,85,Multiplying Pokémon,5,0
580,ducklett,Water,Flying,62,0.5,5.5,44,50,55,44,50,Water Bird Pokémon,5,0
581,swanna,Water,Flying,75,1.3,24.2,87,63,98,87,63,White Bird Pokémon,5,0
582,vanillite,Ice,,36,0.4,5.7,50,50,44,65,60,Fresh Snow Pokémon,5,0
583,vanillish,Ice,,51,1.1,41,65,65,59,80,75,Icy Snow Pokémon,5,0
584,vanilluxe,Ice,,71,1.3,57.5,95,85,79,110,95,Snowstorm Pokémon,5,0
585,deerling,Grass,,60,0.6,19.5,60,50,75,40,50,Season Pokémon,5,0
586,sawsbuck,Grass,,80,1.9,92.5,100,70,95,60,70,Season Pokémon,5,0
587,emolga,Electric,Flying,55,0.4,5,75,60,103,75,60,Sky Squirrel Pokémon,5,0
588,karrablast,Bug,,50,0.5,5.9,75,45,60,40,45,Clamping Pokémon,5,0
589,escavalier,Bug,Steel,70,1,33,135,105,20,60,105,Cavalry Pokémon,5,0
590,foongus,Grass,Poison,69,0.2,1,55,45,15,55,55,Mushroom Pokémon,5,0
591,amoonguss,Grass,Poison,114,0.6,10.5,85,70,30,85,80,Mushroom Pokémon,5,0
592,frillish,Water,Ghost,55,1.2,33,40,50,40,65,85,Floating Pokémon,5,0
593,jellicent,Water,Ghost,100,2.2,135,60,70,60,85,105,Floating Pokémon,5,0
594,alomomola,Water,,165,1.2,31.6,75,80,65,40,45,Caring Pokémon,5,0
595,joltik,Bug,Electric,50,0.1,0.6,47,50,65,57,50,Attaching Pokémon,5,0
596,galvantula,Bug,Electric,70,0.8,14.3,77,60,108,97,60,EleSpider Pokémon,5,0
597,ferroseed,Grass,Steel,44,0.6,18.8,50,91,10,24,86,Thorn Seed Pokémon,5,0
598,ferrothorn,Grass,Steel,74,1,110,94,131,20,54,116,Thorn Pod Pokémon,5,0
599,klink,Steel,,40,0.3,21,55,70,30,45,60,Gear Pokémon,5,0
600,klang,Steel,,60,0.6,51,80,95,50,70,85,Gear Pokémon,5,0
601,klinklang,Steel,,60,0.6,81,100,115,90,70,85,Gear Pokémon,5,0
602,tynamo,Electric,,35,0.2,0.3,55,40,60,45,40,EleFish Pokémon,5,0
603,eelektrik,Electric,,65,1.2,22,85,70,40,75,70,EleFish Pokémon,5,0
604,eelektross,Electric,,85,2.1,80.5,115,80,50,105,80,EleFish Pokémon,5,0
605,elgyem,Psychic,,55,0.5,9,55,55,30,85,55,Cerebral Pokémon,5,0
606,beheeyem,Psychic,,75,1,34.5,75,75,40,125,95,Cerebral Pokémon,5,0
607,litwick,Ghost,Fire,50,0.3,3.1,30,55,20,65,55,Candle Pokémon,5,0
608,lampent,Ghost,Fire,60,0.6,13,40,60,55,95,60,Lamp Pokémon,5,0
609,chandelure,Ghost,Fire,60,1,34.3,55,90,80,145,90,Luring Pokémon,5,0
610,axew,Dragon,,46,0.6,18,87,60,57,30,40,Tusk Pokémon,5,0
611,fraxure,Dragon,,66,1,36,117,70,67,40,50,Axe Jaw Pokémon,5,0
612,haxorus,Dragon,,76,1.8,105.5,147,90,97,60,70,Axe Jaw Pokémon,5,0
613,cubchoo,Ice,,55,0.5,8.5,70,40,40,60,40,Chill Pokémon,5,0
614,beartic,Ice,,95,2.6,260,130,80,50,70,80,Freezing Pokémon,5,0
615,cryogonal,Ice,,80,1.1,148,50,50,105,95,135,Crystallizing Pokémon,5,0
616,shelmet,Bug,,50,0.4,7.7,40,85,25,40,65,Snail Pokémon,5,0
617,accelgor,Bug,,80,0.8,25.3,70,40,145,100,60,Shell Out Pokémon,5,0
618,stunfisk,Ground,Electric,109,0.7,11,66,84,32,81,99,Trap Pokémon,5,0
619,mienfoo,Fighting,,45,0.9,20,85,50,65,55,50,Martial Arts Pokémon,5,0
620,mienshao,Fighting,,65,1.4,35.5,125,60,105,95,60,Martial Arts Pokémon,5,0
621,druddigon,Dragon,,77,1.6,139,120,90,48,60,90,Cave Pokémon,5,0
622,golett,Ground,Ghost,59,1,92,74,50,35,35,50,Automaton Pokémon,5,0
623,golurk,Ground,Ghost,89,2.8,330,124,80,55,55,80,Automaton Pokémon,5,0
624,pawniard,Dark,Steel,45,0.5,10.2,85,70,60,40,40,Sharp Blade Pokémon,5,0
625,bisharp,Dark,Steel,65,1.6,70,125,100,70,60,70,Sword Blade Pokémon,5,0
626,bouffalant,Normal,,95,1.6,94.6,110,95,55,40,95,Bash Buffalo Pokémon,5,0
627,rufflet,Flying,,70,0.5,10.5,83,50,60,37,50,Eaglet Pokémon,5,0
628,braviary,Flying,,100,1.5,41,123,75,80,57,75,Valiant Pokémon,5,0
629,vullaby,Dark,Flying,70,0.5,9,55,75,60,45,65,Diapered Pokémon,5,0
630,mandibuzz,Dark,Flying,110,1.2,39.5,65,105,80,55,95,Bone Vulture Pokémon,5,0
631,heatmor,Fire,,85,1.4,58,97,66,65,105,66,Anteater Pokémon,5,0
632,durant,Bug,Steel,58,0.3,33,109,112,109,48,48,Iron Ant Pokémon,5,0
633,deino,Dark,Dragon,52,0.8,17.3,65,50,38,45,50,Irate Pokémon,5,0
634,zweilous,Dark,Dragon,72,1.4,50,85,70,58,65,70,Hostile Pokémon,5,0
635,hydreigon,Dark,Dragon,92,1.8,160,105,90,98,125,90,Brutal Pokémon,5,0
636,larvesta,Bug,Fire,55,1.1,28.8,85,55,60,50,55,Torch Pokémon,5,0
637,volcarona,Bug,Fire,85,1.6,46,60,65,100,135,105,Sun Pokémon,5,0
638,cobalion,Steel,Fighting,91,2.1,250,90,129,108,90,72,Iron Will Pokémon,5,1
639,terrakion,Rock,Fighting,91,1.9,260,129,90,108,72,90,Cavern Pokémon,5,1
640,virizion,Grass,Fighting,91,2,200,90,72,108,90,129,Grassland Pokémon,5,1
641,tornadus-incarnate,Flying,,79,1.5,63,100,80,121,110,90,Cyclone Pokémon,5,1
642,thundurus-incarnate,Electric,Flying,79,1.5,61,105,70,101,145,80,Bolt Strike Pokémon,5,1
643,reshiram,Dragon,Fire,100,3.2,330,120,100,90,150,120,Vast White Pokémon,5,1
644,zekrom,Dragon,Electric,100,2.9,345,150,120,90,120,100,Deep Black Pokémon,5,1
645,landorus-incarnate,Ground,Flying,89,1.5,68,145,90,91,105,80,Abundance Pokémon,5,1
646,kyurem,Dragon,Ice,125,3,325,120,90,95,170,100,Boundary Pokémon,5,1
647,keldeo-ordinary,Water,Fighting,91,1.4,48.5,72,90,108,129,90,Colt Pokémon,5,1
648,meloetta-aria,Psychic,,100,0.6,6.5,128,90,128,77,77,Melody Pokémon,5,1
649,genesect,Bug,Steel,71,1.5,82.5,120,95,99,120,95,Paleozoic Pokémon,5,1
650,chespin,Grass,,56,0.4,9,61,65,38,48,45,Spiky Nut Pokémon,6,0
651,quilladin,Grass,,61,0.7,29,78,95,57,56,58,Spiny Armor Pokémon,6,0
652,chesnaught,Grass,Fighting,88,1.6,90,107,122,64,74,75,Spiny Armor Pokémon,6,0
653,fennekin,Fire,,40,0.4,9.4,45,40,60,62,60,Fox Pokémon,6,0
654,braixen,Fire,,59,1,14.5,59,58,73,90,70,Fox Pokémon,6,0
655,delphox,Fire,Psychic,75,1.5,39,69,72,104,114,100,Fox Pokémon,6,0
656,froakie,Water,,41,0.3,7,56,40,71,62,44,Bubble Frog Pokémon,6,0
657,frogadier,Water,,54,0.6,10.9,63,52,97,83,56,Bubble Frog Pokémon,6,0
658,greninja,Water,Dark,72,1.5,40,145,67,132,153,71,Ninja Pokémon,6,0
659,bunnelby,Normal,,38,0.4,5,36,38,57,32,36,Digging Pokémon,6,0
660,diggersby,Ground,,85,1,42.4,56,77,78,50,77,Digging Pokémon,6,0
661,fletchling,Normal,Flying,45,0.3,1.7,50,43,62,40,38,Tiny Robin Pokémon,6,0
662,fletchinder,Fire,Flying,62,0.7,16,73,55,84,56,52,Ember Pokémon,6,0
663,talonflame,Fire,Flying,78,1.2,24.5,81,71,126,74,69,Scorching Pokémon,6,0
664,scatterbug,Bug,,38,0.3,2.5,35,40,35,27,25,Scatterdust Pokémon,6,0
665,spewpa,Bug,,45,0.3,8.4,22,60,29,27,30,Scatterdust Pokémon,6,0
666,vivillon,Bug,Flying,80,1.2,17,52,50,89,90,50,Scale Pokémon,6,0
667,litleo,Fire,Normal,62,0.6,13.5,50,58,72,73,54,Lion Cub Pokémon,6,0
668,pyroar,Fire,Normal,86,1.5,81.5,68,72,106,109,66,Royal Pokémon,6,0
669,flabebe,Fairy,,44,0.1,0.1,38,39,42,61,79,Single Bloom Pokémon,6,0
670,floette,Fairy,,74,0.2,0.9,65,67,92,125,128,Fairy Pokémon,6,0
671,florges,Fairy,,78,1.1,10,65,68,75,112,154,Garden Pokémon,6,0
672,skiddo,Grass,,66,0.9,31,65,48,52,62,57,Mount Pokémon,6,0
673,gogoat,Grass,,123,1.7,91,100,62,68,97,81,Mount Pokémon,6,0
674,pancham,Fighting,,67,0.6,8,82,62,43,46,48,Playful Pokémon,6,0
675,pangoro,Fighting,Dark,95,2.1,136,124,78,58,69,71,Daunting Pokémon,6,0
676,furfrou,Normal,,75,1.2,28,80,60,102,65,90,Poodle Pokémon,6,0
677,espurr,Psychic,,62,0.3,3.5,48,54,68,63,60,Restraint Pokémon,6,0
678,meowstic-male,Psychic,,74,0.6,8.5,48,76,104,83,81,Constraint Pokémon,6,0
679,honedge,Steel,Ghost,45,0.8,2,80,100,28,35,37,Sword Pokémon,6,0
680,doublade,Steel,Ghost,59,0.8,4.5,110,150,35,45,49,Sword Pokémon,6,0
681,aegislash-blade,Steel,Ghost,60,1.7,53,150,50,60,150,50,Royal Sword Pokémon,6,0
682,spritzee,Fairy,,78,0.2,0.5,52,60,23,63,65,Perfume Pokémon,6,0
683,aromatisse,Fairy,,101,0.8,15.5,72,72,29,99,89,Fragrance Pokémon,6,0
684,swirlix,Fairy,,62,0.4,3.5,48,66,49,59,57,Cotton Candy Pokémon,6,0
685,slurpuff,Fairy,,82,0.8,5,80,86,72,85,75,Meringue Pokémon,6,0
686,inkay,Dark,Psychic,53,0.4,3.5,54,53,45,37,46,Revolving Pokémon,6,0
687,malamar,Dark,Psychic,86,1.5,47,92,88,73,68,75,Overturning Pokémon,6,0
688,binacle,Rock,Water,42,0.5,31,52,67,50,39,56,Two-Handed Pokémon,6,0
689,barbaracle,Rock,Water,72,1.3,96,105,115,68,54,86,Collective Pokémon,6,0
690,skrelp,Poison,Water,50,0.5,7.3,60,60,30,60,60,Mock Kelp Pokémon,6,0
691,dragalge,Poison,Dragon,65,1.8,81.5,75,90,44,97,123,Mock Kelp Pokémon,6,0
692,clauncher,Water,,50,0.5,8.3,53,62,44,58,63,Water Gun Pokémon,6,0
693,clawitzer,Water,,71,1.3,35.3,73,88,59,120,89,Howitzer Pokémon,6,0
694,helioptile,Electric,Normal,44,0.5,6,38,33,70,61,43,Generator Pokémon,6,0
695,heliolisk,Electric,Normal,62,1,21,55,52,109,109,94,Generator Pokémon,6,0
696,tyrunt,Rock,Dragon,58,0.8,26,89,77,48,45,45,Royal Heir Pokémon,6,0
697,tyrantrum,Rock,Dragon,82,2.5,270,121,119,71,69,59,Despot Pokémon,6,0
698,amaura,Rock,Ice,77,1.3,25.2,59,50,46,67,63,Tundra Pokémon,6,0
699,aurorus,Rock,Ice,123,2.7,225,77,72,58,99,92,Tundra Pokémon,6,0
700,sylveon,Fairy,,95,1,23.5,65,65,60,110,130,Intertwining Pokémon,6,0
701,hawlucha,Fighting,Flying,78,0.8,21.5,92,75,118,74,63,Wrestling Pokémon,6,0
702,dedenne,Electric,Fairy,67,0.2,2.2,58,57,101,81,67,Antenna Pokémon,6,0
703,carbink,Rock,Fairy,50,0.3,5.7,50,150,50,50,150,Jewel Pokémon,6,0
704,goomy,Dragon,,45,0.3,2.8,50,35,40,55,75,Soft Tissue Pokémon,6,0
705,sliggoo,Dragon,,68,0.8,17.5,75,53,60,83,113,Soft Tissue Pokémon,6,0
706,goodra,Dragon,,90,2,150.5,100,70,80,110,150,Dragon Pokémon,6,0
707,klefki,Steel,Fairy,57,0.2,3,80,91,75,80,87,Key Ring Pokémon,6,0
708,phantump,Ghost,Grass,43,0.4,7,70,48,38,50,60,Stump Pokémon,6,0
709,trevenant,Ghost,Grass,85,1.5,71,110,76,56,65,82,Elder Tree Pokémon,6,0
710,pumpkaboo-average,Ghost,Grass,59,0.8,15,66,70,41,44,55,Pumpkin Pokémon,6,0
711,gourgeist-average,Ghost,Grass,85,1.7,39,100,122,54,58,75,Pumpkin Pokémon,6,0
712,bergmite,Ice,,55,1,99.5,69,85,28,32,35,Ice Chunk Pokémon,6,0
713,avalugg,Ice,,95,2,505,117,184,28,44,46,Iceberg Pokémon,6,0
714,noibat,Flying,Dragon,40,0.5,8,30,35,55,45,40,Sound Wave Pokémon,6,0
715,noivern,Flying,Dragon,85,1.5,85,70,80,123,97,80,Sound Wave Pokémon,6,0
716,xerneas,Fairy,,126,3,215,131,95,99,131,98,Life Pokémon,6,1
717,yveltal,Dark,Flying,126,5.8,203,131,95,99,131,98,Destruction Pokémon,6,1
718,zygarde-50,Dragon,Ground,216,5,284.6,100,121,85,91,95,Order Pokémon,6,1
719,diancie,Rock,Fairy,50,0.7,8.8,160,110,110,160,110,Jewel Pokémon,6,1
720,hoopa-confined,Psychic,Ghost,80,0.5,9,160,60,80,170,130,Mischief Pokémon (Confined)Djinn Pokémonn (Unbound),6,1
721,volcanion,Fire,Water,80,1.7,195,110,120,70,130,90,Steam Pokémon,6,1
722,rowlet,Grass,Flying,68,0.3,1.5,55,55,42,50,50,Grass Quill Pokémon,7,0
723,dartrix,Grass,Flying,78,0.7,16,75,75,52,70,70,Blade Quill Pokémon,7,0
724,decidueye,Grass,Ghost,78,1.6,36.6,107,75,70,100,100,Arrow Quill Pokémon,7,0
725,litten,Fire,,45,0.4,4.3,65,40,70,60,40,Fire Cat Pokémon,7,0
726,torracat,Fire,,65,0.7,25,85,50,90,80,50,Fire Cat Pokémon,7,0
727,incineroar,Fire,Dark,95,1.8,83,115,90,60,80,90,Heel Pokémon,7,0
728,popplio,Water,,50,0.4,7.5,54,54,40,66,56,Sea Lion Pokémon,7,0
729,brionne,Water,,60,0.6,17.5,69,69,50,91,81,Pop Star Pokémon,7,0
730,primarina,Water,Fairy,80,1.8,44,74,74,60,126,116,Soloist Pokémon,7,0
731,pikipek,Flying,,35,0.3,1.2,75,30,65,30,30,Woodpecker Pokémon,7,0
732,trumbeak,Flying,,55,0.6,14.8,85,50,75,40,50,Bugle Beak Pokémon,7,0
733,toucannon,Flying,,80,1.1,26,120,75,60,75,75,Cannon Pokémon,7,0
734,yungoos,Normal,,48,0.4,6,70,30,45,30,30,Loitering Pokémon,7,0
735,gumshoos,Normal,,88,0.7,14.2,110,60,45,55,60,Stakeout Pokémon,7,0
736,grubbin,Bug,,47,0.4,4.4,62,45,46,55,45,Larva Pokémon,7,0
737,charjabug,Bug,Electric,57,0.5,10.5,82,95,36,55,75,Battery Pokémon,7,0
738,vikavolt,Bug,Electric,77,1.5,45,70,90,43,145,75,Stag Beetle Pokémon,7,0
739,crabrawler,Fighting,,47,0.6,7,82,57,63,42,47,Boxing Pokémon,7,0
740,crabominable,Fighting,Ice,97,1.7,180,132,77,43,62,67,Woolly Crab Pokémon,7,0
741,oricorio-baile,Fire,Flying,75,0.6,3.4,70,70,93,98,70,Dancing Pokémon,7,0
742,cutiefly,Bug,Fairy,40,0.1,0.2,45,40,84,55,40,Bee Fly Pokémon,7,0
743,ribombee,Bug,Fairy,60,0.2,0.5,55,60,124,95,70,Bee Fly Pokémon,7,0
744,rockruff,Rock,,45,0.5,9.2,65,40,60,30,40,Puppy Pokémon,7,0
745,lycanroc-midday,Rock,,85,0.8,25,115,75,82,55,75,Wolf Pokémon,7,0
746,wishiwashi-solo,Water,,45,0.2,0.3,140,130,30,140,135,Small Fry Pokémon,7,0
747,mareanie,Poison,Water,50,0.4,8,53,62,45,43,52,Brutal Star Pokémon,7,0
748,toxapex,Poison,Water,50,0.7,14.5,63,152,35,53,142,Brutal Star Pokémon,7,0
749,mudbray,Ground,,70,1,110,100,70,45,45,55,Donkey Pokémon,7,0
750,mudsdale,Ground,,100,2.5,920,125,100,35,55,85,Draft Horse Pokémon,7,0
751,dewpider,Water,Bug,38,0.3,4,40,52,27,40,72,Water Bubble Pokémon,7,0
752,araquanid,Water,Bug,68,1.8,82,70,92,42,50,132,Water Bubble Pokémon,7,0
753,fomantis,Grass,,40,0.3,1.5,55,35,35,50,35,Sickle Grass Pokémon,7,0
754,lurantis,Grass,,70,0.9,18.5,105,90,45,80,90,Bloom Sickle Pokémon,7,0
755,morelull,Grass,Fairy,40,0.2,1.5,35,55,15,65,75,Illuminating Pokémon,7,0
756,shiinotic,Grass,Fairy,60,1,11.5,45,80,30,90,100,Illuminating Pokémon,7,0
757,salandit,Poison,Fire,48,0.6,4.8,44,40,77,71,40,Toxic Lizard Pokémon,7,0
758,salazzle,Poison,Fire,68,1.2,22.2,64,60,117,111,60,Toxic Lizard Pokémon,7,0
759,stufful,Fighting,,70,0.5,6.8,75,50,50,45,50,Flailing Pokémon,7,0
760,bewear,Fighting,,120,2.1,135,125,80,60,55,60,Strong Arm Pokémon,7,0
761,bounsweet,Grass,,42,0.3,3.2,30,38,32,30,38,Fruit Pokémon,7,0
762,steenee,Grass,,52,0.7,8.2,40,48,62,40,48,Fruit Pokémon,7,0
763,tsareena,Grass,,72,1.2,21.4,120,98,72,50,98,Fruit Pokémon,7,0
764,comfey,Fairy,,51,0.1,0.3,52,90,100,82,110,Posy Picker Pokémon,7,0
765,oranguru,Psychic,,90,1.5,76,60,80,60,90,110,Sage Pokémon,7,0
766,passimian,Fighting,,100,2,82.8,120,90,80,40,60,Teamwork Pokémon,7,0
767,wimpod,Bug,Water,25,0.5,12,35,40,80,20,30,Turn Tail Pokémon,7,0
768,golisopod,Bug,Water,75,2,108,125,140,40,60,90,Hard Scale Pokémon,7,0
769,sandygast,Ghost,Ground,55,0.5,70,55,80,15,70,45,Sand Heap Pokémon,7,0
770,palossand,Ghost,Ground,85,1.3,250,75,110,35,100,75,Sand Castle Pokémon,7,0
771,pyukumuku,Water,,55,0.3,1.2,60,130,5,30,130,Sea Cucumber Pokémon,7,0
772,type-null,Normal,,95,1.9,120.5,95,95,59,95,95,Synthetic Pokémon,7,0
773,silvally,Normal,,95,2.3,100.5,95,95,95,95,95,Synthetic Pokémon,7,0
774,minior-meteor,Rock,Flying,60,0.3,40,100,60,120,100,60,Meteor Pokémon,7,0
775,komala,Normal,,65,0.4,19.9,115,65,65,75,95,Drowsing Pokémon,7,0
776,turtonator,Fire,Dragon,60,2,212,78,135,36,91,85,Blast Turtle Pokémon,7,0
777,togedemaru,Electric,Steel,65,0.3,3.3,98,63,96,40,73,Roly-Poly Pokémon,7,0
778,mimikyu,Ghost,Fairy,55,0.2,0.7,90,80,96,50,105,Disguise Pokémon,7,0
779,bruxish,Water,Psychic,68,0.9,19,105,70,92,70,70,Gnash Teeth Pokémon,7,0
780,drampa,Dragon,,78,3,185,60,85,36,135,91,Placid Pokémon,7,0
781,dhelmise,Ghost,Grass,70,3.9,210,131,100,40,86,90,Sea Creeper Pokémon,7,0
782,jangmo-o,Dragon,,45,0.6,29.7,55,65,45,45,45,Scaly Pokémon,7,0
783,hakamo-o,Dragon,Fighting,55,1.2,47,75,90,65,65,70,Scaly Pokémon,7,0
784,kommo-o,Dragon,Fighting,75,1.6,78.2,110,125,85,100,105,Scaly Pokémon,7,0
785,tapu-koko,Electric,Fairy,70,1.8,20.5,115,85,130,95,75,Land Spirit Pokémon,7,1
786,tapu-lele,Psychic,Fairy,70,1.2,18.6,85,75,95,130,115,Land Spirit Pokémon,7,1
787,tapu-bulu,Grass,Fairy,70,1.9,45.5,130,115,75,85,95,Land Spirit Pokémon,7,1
788,tapu-fini,Water,Fairy,70,1.3,21.2,75,115,85,95,130,Land Spirit Pokémon,7,1
789,cosmog,Psychic,,43,0.2,0.1,29,31,37,29,31,Nebula Pokémon,7,1
790,cosmoem,Psychic,,43,0.1,999.9,29,131,37,29,131,Protostar Pokémon,7,1
791,solgaleo,Psychic,Steel,137,3.4,230,137,107,97,113,89,Sunne Pokémon,7,1
792,lunala,Psychic,Ghost,137,4,120,113,89,97,137,107,Moone Pokémon,7,1
793,nihilego,Rock,Poison,109,1.2,55.5,53,47,103,127,131,Parasite Pokémon,7,1
794,buzzwole,Bug,Fighting,107,2.4,333.6,139,139,79,53,53,Swollen Pokémon,7,1
795,pheromosa,Bug,Fighting,71,1.8,25,137,37,151,137,37,Lissome Pokémon,7,1
796,xurkitree,Electric,,83,3.8,100,89,71,83,173,71,Glowing Pokémon,7,1
797,celesteela,Steel,Flying,97,9.2,999.9,101,103,61,107,101,Launch Pokémon,7,1
798,kartana,Grass,Steel,59,0.3,0.1,181,131,109,59,31,Drawn Sword Pokémon,7,1
799,guzzlord,Dark,Dragon,223,5.5,888,101,53,43,97,53,Junkivore Pokémon,7,1
800,necrozma,Psychic,,97,2.4,230,107,101,79,127,89,Prism Pokémon,7,1
801,magearna,Steel,Fairy,80,1,80.5,95,115,65,130,115,Artificial Pokémon,7,1
802,Marshadow,Fighting,Ghost,90,0.7,22.2,125,80,125,90,90,Gloomdweller Pokémon,7,1
803,Poipole,Poison,,67,0.6,1.8,73,67,73,73,67,Poison Pin Pokémon,7,0
804,Naganadel,Poison,Dragon,73,3.6,150,73,73,121,127,73,Poison Pin Pokémon,7,0
805,Stakataka,Rock,Steel,61,5.5,820,131,211,13,53,101,Rampart Pokémon,7,0
806,Blacephalon,Fire,Ghost,53,1.8,13,127,53,107,151,79,Fireworks Pokémon,7,0
807,Zeraora,Electric,,88,1.5,44.5,112,75,143,102,80,Thunderclap Pokémon,7,1
808,Meltan,Steel,,46,0.2,8,65,65,34,55,35,Hex Nut Pokémon,7,1
809,Melmetal,Steel,,135,2.5,800,143,143,34,80,65,Hex Nut Pokémon,7,1
810,Grookey,Grass,,50,0.3,5,65,50,65,40,40,Chimp Pokémon,8,0
811,Thwackey,Grass,,70,0.7,14,85,70,80,55,60,Beat Pokémon,8,0
812,Rillaboom,Grass,,100,2.1,90,125,90,85,60,70,Drummer Pokémon,8,0
813,Scorbunny,Fire,,50,0.3,4.5,71,40,69,40,40,Rabbit Pokémon,8,0
814,Raboot,Fire,,65,0.6,9,86,60,94,55,60,Rabbit Pokémon,8,0
815,Cinderace,Fire,,80,1.4,33,116,75,119,65,75,Striker Pokémon,8,0
816,Sobble,Water,,50,0.3,4,40,40,70,70,40,Water Lizard Pokémon,8,0
817,Drizzile,Water,,65,0.7,11.5,60,55,90,95,55,Water lizard Pokémon,8,0
818,Inteleon,Water,,70,1.9,45.2,85,65,120,125,65,Secret Agent Pokémon,8,0
819,Skwovet,Normal,,70,0.3,2.5,55,55,25,35,35,Cheeky Pokémon,8,0
820,Greedent,Normal,,120,0.6,6,95,95,20,55,75,Greedy Pokémon,8,0
821,Rookidee,Flying,,38,0.2,1.8,47,35,57,33,35,Tiny Bird Pokémon,8,0
822,Corvisquire,Flying,,68,0.8,16,67,55,77,43,55,Raven Pokémon,8,0
823,Corviknight,Flying,Steel,98,2.2,75,87,105,67,53,85,Raven Pokémon,8,0
824,Blipbug,Bug,,25,0.4,8,20,20,45,25,45,Larva Pokémon,8,0
825,Dottler,Bug,Psychic,50,0.4,19.5,35,80,30,50,90,Radome Pokémon,8,0
826,Orbeetle,Bug,Psychic,60,0.4,40.8,45,110,90,80,120,Seven Spot Pokémon,8,0
827,Nickit,Dark,,40,0.6,8.9,28,28,50,47,52,Fox Pokémon,8,0
828,Thievul,Dark,,70,1.2,19.9,58,58,90,87,92,Fox Pokémon,8,0
829,Gossifleur,Grass,,40,0.4,2.2,40,60,10,40,60,Flowering Pokémon,8,0
830,Eldegoss,Grass,,60,0.5,2.5,50,90,60,80,120,Cotton Bloom Pokémon,8,0
831,Wooloo,Normal,,42,0.6,6,40,55,48,40,45,Sheep Pokémon,8,0
832,Dubwool,Normal,,72,1.3,43,80,100,88,60,90,Sheep Pokémon,8,0
833,Chewtle,Water,,50,0.3,8.5,64,50,44,38,38,Snapping Pokémon,8,0
834,Drednaw,Water,Rock,90,1,115.5,115,90,74,48,68,Bite Pokémon,8,0
835,Yamper,Electric,,59,0.3,13.5,45,50,26,40,50,Puppy Pokémon,8,0
836,Boltund,Electric,,69,1,34,90,60,121,90,60,Dog Pokémon,8,0
837,Rolycoly,Rock,,30,0.3,12,40,50,30,40,50,Coal Pokémon,8,0
838,Carkol,Rock,Fire,80,1.1,78,60,90,50,60,70,Coal Pokémon,8,0
839,Coalossal,Rock,Fire,110,2.8,310.5,80,120,30,80,90,Coal Pokémon,8,0
840,Applin,Grass,Dragon,40,0.2,0.5,40,80,20,40,40,Apple Core Pokémon,8,0
841,Flapple,Grass,Dragon,70,0.3,1,110,80,70,95,60,Apple Wing Pokémon,8,0
842,Appletun,Grass,Dragon,110,0.4,13,85,80,30,100,80,Apple Nectar Pokémon,8,0
843,Silicobra,Ground,,52,2.2,7.6,57,75,46,35,50,Sand Snake Pokémon,8,0
844,Sandaconda,Ground,,72,3.8,65.5,107,125,71,65,70,Sand Snake Pokémon,8,0
845,Cramorant,Flying,Water,70,0.8,18,85,55,85,85,95,Gulp Pokémon,8,0
846,Arrokuda,Water,,41,0.5,1,63,40,66,40,30,Rush Pokémon,8,0
847,Barraskewda,Water,,61,1.3,30,123,60,136,60,50,Skewer Pokémon,8,0
848,Toxel,Electric,Poison,40,0.4,11,38,35,40,54,35,Baby Pokémon,8,0
849,Toxtricity Amped Form,Electric,Poison,75,1.6,40,98,70,75,114,70,Punk Pokémon,8,0
850,Sizzlipede,Fire,Bug,50,0.7,1,65,45,45,50,50,Radiator Pokémon,8,0
851,Centiskorch,Fire,Bug,100,3,120,115,65,65,90,90,Radiator Pokémon,8,0
852,Clobbopus,Fighting,,50,0.6,4,68,60,32,50,50,Tantrum Pokémon,8,0
853,Grapploct,Fighting,,80,1.6,39,118,90,42,70,80,Tantrum Pokémon,8,0
854,Sinistea,Ghost,,40,0.1,0.2,45,45,50,74,54,Black Tea Pokémon,8,0
855,Polteageist,Ghost,,60,0.2,0.4,65,65,70,134,114,Black Tea Pokémon,8,0
856,Hatenna,Psychic,,42,0.4,3.4,30,45,39,56,53,Calm Pokémon,8,0
857,Hattrem,Psychic,,57,0.6,4.8,40,65,49,86,73,Serene Pokémon,8,0
858,Hatterene,Psychic,Fairy,57,2.1,5,90,95,29,136,103,Silent Pokémon,8,0
859,Impidimp,Dark,Fairy,45,0.4,5.5,45,30,50,55,40,Wily Pokémon,8,0
860,Morgrem,Dark,Fairy,65,0.8,12.5,60,45,70,75,55,Devious Pokémon,8,0
861,Grimmsnarl,Dark,Fairy,95,1.5,61,120,65,60,95,75,Bulk Up Pokémon,8,0
862,Obstagoon,Dark,Normal,93,1.6,46,90,101,95,60,81,Blocking Pokémon,8,0
863,Perrserker,Steel,,70,0.8,28,110,100,50,50,60,Viking Pokémon,8,0
864,Cursola,Ghost,,60,1,0.4,95,50,30,145,130,Coral Pokémon,8,0
865,Sirfetch'd,Fighting,,62,0.8,117,135,95,65,68,82,Wild Duck Pokémon,8,0
866,Mr. Rime,Psychic,Ice,80,1.5,58.2,85,75,70,110,100,Comedian Pokémon,8,0
867,Runerigus,Ground,Ghost,58,1.6,66.6,95,145,30,50,105,Grudge Pokémon,8,0
868,Milcery,Fairy,,45,0.2,0.3,40,40,34,50,61,Cream Pokémon,8,0
869,Alcremie,Fairy,,65,0.3,0.5,60,75,64,110,121,Cream Pokémon,8,0
870,Falinks,Fighting,,65,3,62,100,100,75,70,60,Formation Pokémon,8,0
871,Pincurchin,Electric,,48,0.3,1,101,95,15,91,85,Sea Urchin Pokémon,8,0
872,Snom,Ice,Bug,30,0.3,3.8,25,35,20,45,30,Worm Pokémon,8,0
873,Frosmoth,Ice,Bug,70,1.3,42,65,60,65,125,90,Frost Moth Pokémon,8,0
874,Stonjourner,Rock,,100,2.5,520,125,135,70,20,20,Big Rock Pokémon,8,0
875,Eiscue Noice Face,Ice,,75,1.4,89,80,70,130,65,50,Penguin Pokémon,8,0
876,Indeedee Female,Psychic,Normal,70,0.9,28,55,65,85,95,105,Emotion Pokémon,8,0
877,Morpeko Hangry Mode,Electric,Dark,58,0.3,3,95,58,97,70,58,Two-Sided Pokémon,8,0
878,Cufant,Steel,,72,1.2,100,80,49,40,40,49,Copperderm Pokémon,8,0
879,Copperajah,Steel,,122,3,650,130,69,30,80,69,Copperderm Pokémon,8,0
880,Dracozolt,Electric,Dragon,90,1.8,190,100,90,75,80,70,Fossil Pokémon,8,0
881,Arctozolt,Electric,Ice,90,2.3,150,100,90,55,90,80,Fossil Pokémon,8,0
882,Dracovish,Water,Dragon,90,2.3,215,90,100,75,70,80,Fossil Pokémon,8,0
883,Arctovish,Water,Ice,90,2,175,90,100,55,80,90,Fossil Pokémon,8,0
884,Duraludon,Steel,Dragon,70,1.8,40,95,115,85,120,50,Alloy Pokémon,8,0
885,Dreepy,Dragon,Ghost,28,0.5,2,60,30,82,40,30,Lingering Pokémon,8,0
886,Drakloak,Dragon,Ghost,68,1.4,11,80,50,102,60,50,Caretaker Pokémon,8,0
887,Dragapult,Dragon,Ghost,88,3,50,120,75,142,100,75,Stealth Pokémon,8,0
888,Zacian Hero of Many Battles,Fairy,,92,2.8,110,130,115,138,80,115,Warrior Pokémon,8,1
889,Zamazenta Hero of Many Battles,Fighting,,92,2.9,210,130,115,138,80,115,Warrior Pokémon,8,1
890,Eternatus,Poison,Dragon,140,20,950,85,95,130,145,95,Gigantic Pokémon,8,1
890,Eternatus Eternamax,Poison,Dragon,255,100,,115,250,130,125,250,Gigantic Pokémon,8,1
